App,Category,Rating,Reviews,Size,Installs,Type,Price,Rating Roundoff,Genres,Last Updated,Current Ver,Android Ver,Rating Roundoff
VeinSeek,MEDICAL,2.5,79,,"1,000+",Paid,$3.99,2,Medical,"December 6, 2017",Varies with device,Varies with device,2
G-Playlists,TOOLS,1.8,53,,"1,000+",Paid,$1.49,2,Tools,"May 19, 2018",1.91,4.0.3 and up,2
BA Pro Financial Calculator,FINANCE,2.4,36,,"1,000+",Paid,$1.99,2,Finance,"November 16, 2015",1.3.3,2.3 and up,2
CSCS BG (в български),FAMILY,2.4,7,,100+,Paid,$3.99,2,Education,"March 23, 2017",1.0,4.0.3 and up,2
Bitcoin BX Thailand PRO,FINANCE,1.7,21,,100+,Paid,$4.99,2,Finance,"October 22, 2017",5.0,4.0.3 and up,2
SharedCare™ Co-parenting,PARENTING,2.0,23,,100+,Paid,$4.59,2,Parenting,"June 19, 2016",3.0.3,4.0 and up,2
CV-RECORD Pro,COMMUNICATION,2.3,42,,"1,000+",Paid,$0.99,2,Communication,"January 12, 2017",1.0.5,4.1 and up,2
Remote EX for NISSAN,COMMUNICATION,2.3,223,,"5,000+",Paid,$1.49,2,Communication,"July 26, 2014",1.3,3.0 and up,2
